,Field Name,Description,Data Type,Accepts Null Values?
0,File Name,The file name of the job bulletin from which each record came,string,Yes
1,Position,"The title of the particular class (e.g., Systems Analyst, Carpenter)",string,Yes
2,salary_start,The overall salary start,string,Yes
3,salary_end,The overall maximum salary,string,Yes
4,opendate,The date the job bulletin opened,string,Yes
5,requirements,Overall requirement that has to be filled,string,Yes
6,duties,"A summary of what someone does in the particular job
",string,Yes
7,deadline,The date the job bulletin closed,string,Yes
8,selection,list of selection criterias,string,Yes
9,EXPERIENCE_LENGTH,Years required in a particular job class or external role.,string,Yes
10,FULL_TIME_PART_TIME,"Whether the required experience is full-time, part",string,Yes
11,EDUCATION_YEARS,Years required in a particular education program,string,Yes
12,SCHOOL_TYPE,"School Type: School type required (e.g. college or university, high school)",string,Yes
